source_file,page,section,sentence,options_count,detected_question_number,detected_answer_letter,reason
38. Destination B1.choose-correct-answer.json,12,Choose the correct answer,You should take ...................... a sport and then you would get more exercise.,3,,,ANSWER_KEY_NOT_MATCHED
38. Destination B1.choose-correct-answer.json,12,Choose the correct answer,I'm trying to work! Could you please turn your music . ................. ?,3,,,ANSWER_KEY_NOT_MATCHED
38. Destination B1.choose-correct-answer.json,12,Choose the correct answer,Just ask and I'm sure the other children will let you join ......................... .,3,,,ANSWER_KEY_NOT_MATCHED
38. Destination B1.choose-correct-answer.json,12,Choose the correct answer,The referee sent David .........................for arguing with him. This is my favourite song! Turn it ...................... ! 5,3,5,,ANSWER_KEY_NOT_MATCHED
38. Destination B1.choose-correct-answer.json,12,Choose the correct answer,We can't afford to eat ...................... very often. I've decided to become a vegetarian and give ...................... meat. 8,3,8,,ANSWER_KEY_NOT_MATCHED
38. Destination B1.choose-correct-answer.json,15,Choose the correct answer,"When you rang, I ...................... my bike. Bused to practise",3,,,ANSWER_KEY_NOT_MATCHED
38. Destination B1.choose-correct-answer.json,15,Choose the correct answer,"At my last basketball club, we .......................... every Saturday for three hours. 32 Leon never .......................... about it, but he was once a world champion skier. A were training Btraining Bis talking",3,32,,ANSWER_KEY_NOT_MATCHED
38. Destination B1.choose-correct-answer.json,15,Choose the correct answer,"I really ..................... the meal we had at your house last Tuesday. 33 I...................... like golf, but now I really like it.",3,33,,ANSWER_KEY_NOT_MATCHED
38. Destination B1.choose-correct-answer.json,15,Choose the correct answer,Denise...................... at the stadium until she finds a better job.,3,,,ANSWER_KEY_NOT_MATCHED
38. Destination B1.choose-correct-answer.json,17,J Choose the correct answer,"..................... never played this game before. 5 It's the first time .......................... our flat, isn't it?",2,5,,ANSWER_KEY_NOT_MATCHED
38. Destination B1.choose-correct-answer.json,17,J Choose the correct answer,Adam .......................... his room last night. 6 They ...................... the baby a name yet.,2,6,,ANSWER_KEY_NOT_MATCHED
38. Destination B1.choose-correct-answer.json,17,J Choose the correct answer,..................... here since 2005? 7 . .................... to New York when you went to the States last summer? A Have you lived B Did you live,2,7,,ANSWER_KEY_NOT_MATCHED
38. Destination B1.choose-correct-answer.json,17,J Choose the correct answer,Carol and I....................... to the cinema three nights ago. 8 .......................... an e-mail before? Look at the picture and use the prompts to write sentences. Use the correct form of the present perfect simple.,2,8,,ANSWER_KEY_NOT_MATCHED
38. Destination B1.choose-correct-answer.json,21,Choose the correct answer,Mum had ..................... her cup of tea for several minutes before she realised it had salt in it!,2,,,ANSWER_KEY_NOT_MATCHED
38. Destination B1.choose-correct-answer.json,21,Choose the correct answer,We'd ..................... ready all day when they called to say the party had been cancelled.,2,,,ANSWER_KEY_NOT_MATCHED
38. Destination B1.choose-correct-answer.json,27,Choose the correct answer,It's the first time .......................all the answers right in a test! 30 Clare hasn't finished her homework,4,30,,ANSWER_KEY_NOT_MATCHED
38. Destination B1.choose-correct-answer.json,30,Choose the correct answer,'Have you made plans for the summer?' 'Yes........................ to Spain.' ewe go,2,,,OPTION_COUNT_LOWER_THAN_PAGE_SECTION|ANSWER_KEY_NOT_MATCHED
38. Destination B1.choose-correct-answer.json,30,Choose the correct answer,'We're moving h ouse tomorrow.' 'Really?...................... you with th e furniture.',3,,,ANSWER_KEY_NOT_MATCHED
38. Destination B1.choose-correct-answer.json,30,Choose the correct answer,"'Do you need th is paint brush ?' 'Ah, yes........................... it to me, please?'",3,,,ANSWER_KEY_NOT_MATCHED
38. Destination B1.choose-correct-answer.json,30,Choose the correct answer,"'Wh at do you want to be when you grow up, St evie?' .'......................... a scientist. That's what I want to do, anyway.'",3,,,ANSWER_KEY_NOT_MATCHED
38. Destination B1.choose-correct-answer.json,39,Choose the correct answer,I ..................... around the world one day. 31 I think there's a picture of the hotel .......................... the first page. A travel Bam going to travel Bat,3,31,,ANSWER_KEY_NOT_MATCHED
38. Destination B1.choose-correct-answer.json,39,Choose the correct answer,Do you think Curtis ....................... the car race tomorrow? 32 We usually go away somewhere on holiday ..................... New Year. A will win Bwins Bat,3,32,,ANSWER_KEY_NOT_MATCHED
38. Destination B1.choose-correct-answer.json,39,Choose the correct answer,"What's the weather like....................... Russia at the moment? 33 Watch out, or you ...................... off the boat!",3,33,,ANSWER_KEY_NOT_MATCHED
38. Destination B1.choose-correct-answer.json,39,Choose the correct answer,"It's my birthday .......................... Friday, so we're spending the weekend in London.",3,,,ANSWER_KEY_NOT_MATCHED
38. Destination B1.choose-correct-answer.json,39,Choose the correct answer,"I got .......................... the car, turned the key and realised I didn't have any petrol! and I still forgot my toothbrush! Boff Bset",3,,,ANSWER_KEY_NOT_MATCHED
38. Destination B1.choose-correct-answer.json,54,Choose the correct answer,Be careful with that vase because it's made of ....................... !,2,,,ANSWER_KEY_NOT_MATCHED
38. Destination B1.choose-correct-answer.json,54,Choose the correct answer,I started coughing because I had ....................... at the back of my throat.,2,,,ANSWER_KEY_NOT_MATCHED
38. Destination B1.choose-correct-answer.json,54,Choose the correct answer,Don't put your hot cup on my new table! It's .......................... and I don't want you to burn it.,2,,,ANSWER_KEY_NOT_MATCHED
38. Destination B1.choose-correct-answer.json,54,Choose the correct answer,We should all recycle ........................ so that it can be used again.,2,,,ANSWER_KEY_NOT_MATCHED
38. Destination B1.choose-correct-answer.json,54,Choose the correct answer,My dad gets .......................... every day on his way to work.,2,,,ANSWER_KEY_NOT_MATCHED
38. Destination B1.choose-correct-answer.json,54,Choose the correct answer,Of course you can have some milk. Get....................... out of the cupboard. [EJ,2,,,ANSWER_KEY_NOT_MATCHED
38. Destination B1.choose-correct-answer.json,63,Choose the correct answer,the Can Ba Chinese Cthe Chinese,2,,,ANSWER_KEY_NOT_MATCHED
38. Destination B1.choose-correct-answer.json,63,Choose the correct answer,"I don't have .......................... money, so I'll have to wait to get a new coat. Dad has to go to....................early tomorrow to meet an important customer. 32 Bthe work Ca work",2,32,,ANSWER_KEY_NOT_MATCHED
38. Destination B1.choose-correct-answer.json,63,Choose the correct answer,It's going to be very expensive to send a person to .......................... . 33 Which is more important - money or Bthe environment Can environment,2,33,,ANSWER_KEY_NOT_MATCHED
38. Destination B1.choose-correct-answer.json,63,Choose the correct answer,"I don't know much about computers, so I asked 34 Apparently, it's the largest computer store in the assistant for ................... advice.",2,34,,ANSWER_KEY_NOT_MATCHED
38. Destination B1.choose-correct-answer.json,63,Choose the correct answer,"I couldn't sell my old magazines, so I gave them Cover",2,,,ANSWER_KEY_NOT_MATCHED
38. Destination B1.choose-correct-answer.json,72,Choose the correct answer,I ...................... across this book about the moon in the library. It's really interesting! up a story about being attacked by a cat!,2,,,ANSWER_KEY_NOT_MATCHED
38. Destination B1.choose-correct-answer.json,72,Choose the correct answer,Jenny pulled...................... the handle so we can't open the cupboard now. A Put C Turn,4,,,ANSWER_KEY_NOT_MATCHED
38. Destination B1.choose-correct-answer.json,72,Choose the correct answer,I'd like to find ...................... more about being A off Baway,3,,,ANSWER_KEY_NOT_MATCHED
38. Destination B1.choose-correct-answer.json,72,Choose the correct answer,Our car has broken ...................... again.,2,,,ANSWER_KEY_NOT_MATCHED
38. Destination B1.choose-correct-answer.json,75,Choose the correct answer,This is the laboratory ...................... we do all the experiments.,2,,,ANSWER_KEY_NOT_MATCHED
38. Destination B1.choose-correct-answer.json,75,Choose the correct answer,That's not your calculator. It's .......................... .,2,,,ANSWER_KEY_NOT_MATCHED
38. Destination B1.choose-correct-answer.json,75,Choose the correct answer,Einstein is the person ....................... showed that time can speed up and slow down. 31 That's the girl....................... father says he's invented a time machine! Cwhose,2,31,,ANSWER_KEY_NOT_MATCHED
38. Destination B1.choose-correct-answer.json,75,Choose the correct answer,Do you know ...................... idea it was? Was it Greg's or Fiona's? 32 Is this our DVD or is it ...................... ?,2,32,,ANSWER_KEY_NOT_MATCHED
38. Destination B1.choose-correct-answer.json,87,Choose the correct answer,I couldn't .......................the programme so I turned the TV up. All compositions ...................... be handed in to me by Friday at the latest.,3,,,ANSWER_KEY_NOT_MATCHED
38. Destination B1.choose-correct-answer.json,87,Choose the correct answer,My brother......................write when he was just 32 That ..................... be my mobile - mine is silver and that one is black. three years old.,3,32,,ANSWER_KEY_NOT_MATCHED
38. Destination B1.choose-correct-answer.json,87,Choose the correct answer,.......................... e-mail?,3,,,ANSWER_KEY_NOT_MATCHED
38. Destination B1.choose-correct-answer.json,87,Choose the correct answer,Did you ...................... to pay to send the package back?,3,,,ANSWER_KEY_NOT_MATCHED
38. Destination B1.choose-correct-answer.json,87,Choose the correct answer,"When you have written your letter, save the . .................... in 'My Documents'.",3,,,ANSWER_KEY_NOT_MATCHED
38. Destination B1.choose-correct-answer.json,87,Choose the correct answer,You have to ....................... on the word 'Next' to see the next web page. I finally managed to ...................... Simon to lend me his laptop.,3,,,ANSWER_KEY_NOT_MATCHED
38. Destination B1.choose-correct-answer.json,87,Choose the correct answer,"Even when he's very angry, my dad never . ................... or uses bad language.",3,,,ANSWER_KEY_NOT_MATCHED
38. Destination B1.choose-correct-answer.json,87,Choose the correct answer,I didn't read the message carefully. I just glanced ........................it.,3,,,ANSWER_KEY_NOT_MATCHED
38. Destination B1.choose-correct-answer.json,88,Choose the correct answer,"When you get to your .......................... , you have to show your ticket to leave the station.",4,,,ANSWER_KEY_NOT_MATCHED
38. Destination B1.choose-correct-answer.json,88,Choose the correct answer,Brazil...................... coffee all over the world. How do you .......................'csar'? 3,4,3,,ANSWER_KEY_NOT_MATCHED
38. Destination B1.choose-correct-answer.json,88,Choose the correct answer,Dogs make very .......................... pets. They'll always stay by your side.,4,,,ANSWER_KEY_NOT_MATCHED
38. Destination B1.choose-correct-answer.json,88,Choose the correct answer,Let's go for a swim as soon as we....................... the hotel!,4,,,ANSWER_KEY_NOT_MATCHED
38. Destination B1.choose-correct-answer.json,88,Choose the correct answer,You have to....................... or you won't understand the explanation.,4,,,ANSWER_KEY_NOT_MATCHED
38. Destination B1.choose-correct-answer.json,88,Choose the correct answer,There's a train coming. Don't stand at the edge of the .......................... .,4,,,ANSWER_KEY_NOT_MATCHED
38. Destination B1.choose-correct-answer.json,88,Choose the correct answer,I .......................... a lot of money on my credit cards and I don't know if I can pay it back. [[]j,4,,,ANSWER_KEY_NOT_MATCHED
38. Destination B1.choose-correct-answer.json,91,Choose the correct answer,'What ..................... when you saw the man?' the police officer asked.,4,,,ANSWER_KEY_NOT_MATCHED
38. Destination B1.choose-correct-answer.json,91,Choose the correct answer,"Thomas Edison, ...................... was American, invented many things, including the light bulb.",4,,,ANSWER_KEY_NOT_MATCHED
38. Destination B1.choose-correct-answer.json,91,Choose the correct answer,I hope we're staying ....................... a good hotel this time! A� B�,2,,,OPTION_COUNT_LOWER_THAN_PAGE_SECTION|SUSPICIOUS_QUESTION_TEXT|SUSPICIOUS_OPTION_TEXT|ANSWER_KEY_NOT_MATCHED
38. Destination B1.choose-correct-answer.json,91,Choose the correct answer,I know London quite well because I ...................... there.,4,,,ANSWER_KEY_NOT_MATCHED
38. Destination B1.choose-correct-answer.json,91,Choose the correct answer,My bike ....................... ! Call the police!,4,,,ANSWER_KEY_NOT_MATCHED
38. Destination B1.choose-correct-answer.json,91,Choose the correct answer,I'm tired because I ...................... since eight this morning.,4,,,ANSWER_KEY_NOT_MATCHED
38. Destination B1.choose-correct-answer.json,91,Choose the correct answer,"Do you think I could have .......................water, please?",4,,,ANSWER_KEY_NOT_MATCHED
38. Destination B1.choose-correct-answer.json,91,Choose the correct answer,Is that Paul? He must ....................... from Australia. Towtwawl.i em lts gai arsku .:c o.m/100 93,4,100,,ANSWER_KEY_NOT_MATCHED
38. Destination B1.choose-correct-answer.json,97,Choose the correct answer,"Excuse me. Could you tell me how much .......................... , please?",2,,,ANSWER_KEY_NOT_MATCHED
38. Destination B1.choose-correct-answer.json,97,Choose the correct answer,Can you let me know what time ....................... ?,2,,,ANSWER_KEY_NOT_MATCHED
38. Destination B1.choose-correct-answer.json,97,Choose the correct answer,Do you know if ...................... at seven o'clock?,2,,,ANSWER_KEY_NOT_MATCHED
38. Destination B1.choose-correct-answer.json,97,Choose the correct answer,I wonder if you could tell me what .......................... .,2,,,ANSWER_KEY_NOT_MATCHED
38. Destination B1.choose-correct-answer.json,97,Choose the correct answer,I wonder if you know who ....................... ask.,2,,,ANSWER_KEY_NOT_MATCHED
38. Destination B1.choose-correct-answer.json,102,Choose the correct answer,"Let's see what's on at the cinema, ? You should ...................... me you were going to be late! 5",3,5,,ANSWER_KEY_NOT_MATCHED
38. Destination B1.choose-correct-answer.json,111,Choose the correct answer,Bob joined the .......................about six years ago.,4,,,ANSWER_KEY_NOT_MATCHED
38. Destination B1.choose-correct-answer.json,111,Choose the correct answer,We lost £10 million last year because of the workers' .......................... over money.,4,10,,ANSWER_KEY_NOT_MATCHED
38. Destination B1.choose-correct-answer.json,111,Choose the correct answer,"I'm sure it's good to be well known, but....................... isn't everything.",4,,,ANSWER_KEY_NOT_MATCHED
38. Destination B1.choose-correct-answer.json,111,Choose the correct answer,Don't sign the ....................... until you've read every word of it!,4,,,ANSWER_KEY_NOT_MATCHED
38. Destination B1.choose-correct-answer.json,111,Choose the correct answer,My grandfather stopped working two years ago and now he gets a .......................... .,4,,,ANSWER_KEY_NOT_MATCHED
38. Destination B1.choose-correct-answer.json,111,Choose the correct answer,Charles worked in the same job for almost the whole of his .......................... .,4,,,ANSWER_KEY_NOT_MATCHED
38. Destination B1.choose-correct-answer.json,111,Choose the correct answer,"You should be able to save a little money with a/an .......................... of €30,000 per year.",4,30,,ANSWER_KEY_NOT_MATCHED
38. Destination B1.choose-correct-answer.json,111,Choose the correct answer,"Can I introduce you to Isaac, a....................... of mine from work? I]]",4,,,ANSWER_KEY_NOT_MATCHED
38. Destination B1.choose-correct-answer.json,115,Choose the correct answer,This job is much ...................... than the last one! What's the ...................... job you've ever had?,2,,,ANSWER_KEY_NOT_MATCHED
38. Destination B1.choose-correct-answer.json,115,Choose the correct answer,Charlotte earns ...................... much money that she can't spend it all! The office is....................... a long way that I have to catch two buses.,2,,,ANSWER_KEY_NOT_MATCHED
38. Destination B1.choose-correct-answer.json,115,Choose the correct answer,We have to work much longer each day . ................... in my old job. Ray works as an artist and doesn't earn . ................... to pay his bills each month.,2,,,ANSWER_KEY_NOT_MATCHED
38. Destination B1.choose-correct-answer.json,115,Choose the correct answer,"I called as soon as I saw the job advert, but it was ...................... late. Our company is moving into a .......................... building next week.",2,,,ANSWER_KEY_NOT_MATCHED
38. Destination B1.choose-correct-answer.json,115,Choose the correct answer,"Our teachers are .......................... strike, so we don't have to go to school today! 38 May I introduce you to my .......................?",2,38,,ANSWER_KEY_NOT_MATCHED
38. Destination B1.choose-correct-answer.json,129,Choose the correct answer,"'I'm a big fan of U2,' Derek said. 5 'At one o'clock, I was having lunch,' said Molly. Molly said she ...................... lunch at one o'clock. Derek said he ...................... a big fan of U2. Cis having Chad been",2,5,,ANSWER_KEY_NOT_MATCHED
38. Destination B1.choose-correct-answer.json,129,Choose the correct answer,"'We're watching TV,' said the twins. 6 'You'll get wet without an umbrella,' Dad said. The twins said they ...................... TV. Dad said I ...................... wet without an umbrella. Chad watched Cwould get",2,6,,ANSWER_KEY_NOT_MATCHED
38. Destination B1.choose-correct-answer.json,129,Choose the correct answer,'You've been annoying me all day!' my mum 7 'He can juggle five balls!' said Angie. Angie said he ...................... five balls. said. My mum said I ...................... her all day. A juggled,2,7,,ANSWER_KEY_NOT_MATCHED
38. Destination B1.choose-correct-answer.json,129,Choose the correct answer,'The dog ate my homework!' said Ivan. Mrs Vine said we .......................... give her our Ivan said the dog ....................... his homework. essays. Cwould have to Chas eaten @,2,,,ANSWER_KEY_NOT_MATCHED
38. Destination B1.choose-correct-answer.json,133,Choose the correct answer,"'Could you pass me the salt, please?' I asked the man next to me. I asked the man next to me................... me the salt.",3,,,ANSWER_KEY_NOT_MATCHED
38. Destination B1.choose-correct-answer.json,133,Choose the correct answer,'Would you mind waiting a moment?' the shop assistant asked the woman. The shop assistant asked the woman ................... for a moment.,3,,,ANSWER_KEY_NOT_MATCHED
38. Destination B1.choose-correct-answer.json,133,Choose the correct answer,"'Please don't leave your dirty football boots in the hall,' Mum said to Doug. Mum told Doug .................... his dirty football boots in the hall.",3,,,ANSWER_KEY_NOT_MATCHED
38. Destination B1.choose-correct-answer.json,133,Choose the correct answer,'Could you tell us where you were at six o'clock?' the police officers asked Barry. The police officers asked Barry ....................he had been at six o'clock.,3,,,ANSWER_KEY_NOT_MATCHED
38. Destination B1.choose-correct-answer.json,133,Choose the correct answer,'Could I have your e-mail address?' I asked Mariella. I asked Mariella ..................... e-mail address.,3,,,ANSWER_KEY_NOT_MATCHED
38. Destination B1.choose-correct-answer.json,139,Choose the correct answer,C this D those 33 My brother refused ....................... me use his digital camera. 29 My mum told....................... my paints.,4,29,,ANSWER_KEY_NOT_MATCHED
38. Destination B1.choose-correct-answer.json,139,Choose the correct answer,picture. 34 I suggest ....................... a new architect who will understand what you want.,4,34,,ANSWER_KEY_NOT_MATCHED
38. Destination B1.choose-correct-answer.json,139,Choose the correct answer,"the room for now. 39 The gallery was too big to see it all in one day, so we ......................out the modern paintings.",4,39,,ANSWER_KEY_NOT_MATCHED
38. Destination B1.choose-correct-answer.json,145,Choose the correct answer,We all wish Tim .......................... with the housework.,3,,,ANSWER_KEY_NOT_MATCHED
38. Destination B1.choose-correct-answer.json,145,Choose the correct answer,I wish I ...................... to buy a lottery ticket last night.,3,,,ANSWER_KEY_NOT_MATCHED
38. Destination B1.choose-correct-answer.json,145,Choose the correct answer,I wish you ....................... live so far away.,3,,,ANSWER_KEY_NOT_MATCHED
38. Destination B1.choose-correct-answer.json,145,Choose the correct answer,I wish they ....................... keep changing the time of this programme.,3,,,ANSWER_KEY_NOT_MATCHED
38. Destination B1.choose-correct-answer.json,145,Choose the correct answer,Do you wish you .......................... to help Michael in the shop last weekend? 1£],3,1,,ANSWER_KEY_NOT_MATCHED
38. Destination B1.choose-correct-answer.json,153,J Choose the correct answer,"He tried to deny ....................... the money, but no one believed him.",3,,,ANSWER_KEY_NOT_MATCHED
38. Destination B1.choose-correct-answer.json,153,J Choose the correct answer,I hope ...................... a pilot when I grow up.,3,,,ANSWER_KEY_NOT_MATCHED
38. Destination B1.choose-correct-answer.json,153,J Choose the correct answer,"Mr Foster has decided .......................... , so we're going to have a party.",3,,,ANSWER_KEY_NOT_MATCHED
38. Destination B1.choose-correct-answer.json,153,J Choose the correct answer,Do you remember .......................to Germany when you were two years old?,3,,,ANSWER_KEY_NOT_MATCHED
38. Destination B1.choose-correct-answer.json,153,J Choose the correct answer,You can make the dog ...................... to you by shouting 'come'.,3,,,ANSWER_KEY_NOT_MATCHED
38. Destination B1.choose-correct-answer.json,153,J Choose the correct answer,There's no answer at the office. Let's try....................... Roger's mobile. www.ieltsgiasu.com 155,3,155,,ANSWER_KEY_NOT_MATCHED
38. Destination B1.choose-correct-answer.json,165,Choose the correct answer,"The CD was expensive. It wasn't very good quality, .......................... .",3,,,ANSWER_KEY_NOT_MATCHED
38. Destination B1.choose-correct-answer.json,165,Choose the correct answer,"The CD wasn't very good quality, .......................... being expensive.",3,,,ANSWER_KEY_NOT_MATCHED
38. Destination B1.choose-correct-answer.json,165,Choose the correct answer,"The CD wasn't very good quality, .......................... it was expensive.",3,,,ANSWER_KEY_NOT_MATCHED
38. Destination B1.choose-correct-answer.json,165,Choose the correct answer,"The CD was expensive. .......................... , it wasn't very good quality. The CD wasn't very good quality, .......................... the cost. www.ieltsgiasu.com 167",3,167,,ANSWER_KEY_NOT_MATCHED
38. Destination B1.choose-correct-answer.json,173,Choose the correct answer,What's ttle best way to deal ....................a disobedient child?,3,,,ANSWER_KEY_NOT_MATCHED
38. Destination B1.choose-correct-answer.json,173,Choose the correct answer,I'd definiet ly advise ..................... getting a snake for a pet.,3,,,ANSWER_KEY_NOT_MATCHED
38. Destination B1.choose-correct-answer.json,173,Choose the correct answer,I don't know what the solution ....................this problem is.,3,,,ANSWER_KEY_NOT_MATCHED
38. Destination B1.choose-correct-answer.json,173,Choose the correct answer,Our teacher insists ..................... us waiting in silence outside the class before the lesson. The advantage .................. having brothers and sisters is that you get more birthday presents! 5 A of B from C for,3,5,,ANSWER_KEY_NOT_MATCHED
38. Destination B1.choose-correct-answer.json,173,Choose the correct answer,You can't hide the truth ....................me! www.ieltsgiasu.com,3,,,ANSWER_KEY_NOT_MATCHED
38. Destination B1.choose-correct-answer.json,179,Choose the correct answer,"I'm going to have a part in the play, .................... I?",4,,,ANSWER_KEY_NOT_MATCHED
38. Destination B1.choose-correct-answer.json,179,Choose the correct answer,Sophie .......................... have been ill today because she didn't come to school.,4,,,ANSWER_KEY_NOT_MATCHED
38. Destination B1.choose-correct-answer.json,179,Choose the correct answer,I'm .......................... to go on holiday on my own! I'm nineteen!,4,,,ANSWER_KEY_NOT_MATCHED
38. Destination B1.choose-correct-answer.json,179,Choose the correct answer,My MP3 player is better.................... yours!,4,,,ANSWER_KEY_NOT_MATCHED
38. Destination B1.choose-correct-answer.json,179,Choose the correct answer,"If you .......................... helped me, I would never have finished on time.",4,,,ANSWER_KEY_NOT_MATCHED
38. Destination B1.choose-correct-answer.json,179,Choose the correct answer,Carol ask ed me if you ................... the film.,4,,,ANSWER_KEY_NOT_MATCHED
38. Destination B1.choose-correct-answer.json,179,Choose the correct answer,I wish you ................... be quiet for five minutes!,4,,,ANSWER_KEY_NOT_MATCHED
38. Destination B1.choose-correct-answer.json,179,Choose the correct answer,We were made .................... up all the mess we'd made. Totwawlw.im eltsagriaks u:.c.o.m/100 181,4,100,,ANSWER_KEY_NOT_MATCHED
38. Destination B1.choose-correct-answer.json,216,Choose the correct answer,"I like basketball, but I ................... volleyball. 31 Before the exam, I ...................everything - except the questions they asked! A prefer C am preferring",4,31,,ANSWER_KEY_NOT_MATCHED
38. Destination B1.choose-correct-answer.json,216,Choose the correct answer,................. and helps me to relax. . ................. in maths. A study B subject,4,,,ANSWER_KEY_NOT_MATCHED
38. Destination B1.choose-correct-answer.json,218,I Choose the correct answer,"Thankfully, the train arrived on .......................... . 31 I'm really ................. for all your help. Ccoach",2,31,,ANSWER_KEY_NOT_MATCHED
38. Destination B1.choose-correct-answer.json,218,I Choose the correct answer,He'll carry our................... up to the hotel room. 28 Dogs are very .................. pets.,2,28,,ANSWER_KEY_NOT_MATCHED
38. Destination B1.choose-correct-answer.json,218,J Choose the correct answer,Have you ever been stung .................. a bee? 39 Look at the photo ................... page 24! Cat,2,39,,ANSWER_KEY_NOT_MATCHED
38. Destination B1.choose-correct-answer.json,218,J Choose the correct answer,"I'll see you .................. half past eight. Cat When I'm older, .................. a famous writer! 36",2,36,,ANSWER_KEY_NOT_MATCHED
38. Destination B1.choose-correct-answer.json,218,J Choose the correct answer,The passengers weren't .................. that the ferry was delayed. tell to tell 42 . ................all those bags with you tomorrow? CDo you take,2,42,,ANSWER_KEY_NOT_MATCHED
38. Destination B1.choose-correct-answer.json,218,J Choose the correct answer,Your passport.................. returned to you tomorrow morning.,2,,,ANSWER_KEY_NOT_MATCHED
38. Destination B1.choose-correct-answer.json,222,I Choose the correct answer,"If something is illegal, it's against the",4,,,ANSWER_KEY_NOT_MATCHED
38. Destination B1.choose-correct-answer.json,224,Choose the correct answer,"If you see a doctor, he or she .................... you what's wrong with you. You wouldn't have got ill if you .................... to your doctor's advice. 31",2,31,,ANSWER_KEY_NOT_MATCHED
38. Destination B1.choose-correct-answer.json,224,Choose the correct answer,Do you think they will find a/an .................... for all diseases one day?,3,,,ANSWER_KEY_NOT_MATCHED
38. Destination B1.choose-correct-answer.json,224,Choose the correct answer,I don't have a job .................... the moment. 41 Mr Williams travels a lot ................... business.,2,41,,ANSWER_KEY_NOT_MATCHED
38. Destination B1.choose-correct-answer.json,226,Choose the correct answer,I wish I ................ Fame Story last night. It's my favourite programme! Bif wanted I D if did I want Bhaven't missed D hadn't missed,2,,,ANSWER_KEY_NOT_MATCHED
38. Destination B1.choose-correct-answer.json,226,Choose the correct answer,Why did you lend ................. ? 32 You promised ................to my birthday party! Bto Angela my jacket D Angela to my jacket Bto come D that you come,2,32,,ANSWER_KEY_NOT_MATCHED
38. Destination B1.choose-correct-answer.json,226,Choose the correct answer,I wish you ................ here! I told Ed I'd see him the ................. day. 33,3,33,,ANSWER_KEY_NOT_MATCHED
38. Destination B1.choose-correct-answer.json,226,Choose the correct answer,We all ................ you get well soon! 34 Jan said she'd been shopping the day,3,34,,ANSWER_KEY_NOT_MATCHED
38. Destination B1.choose-correct-answer.json,226,Choose the correct answer,yesterday,2,,,ANSWER_KEY_NOT_MATCHED
38. Destination B1.choose-correct-answer.json,226,Choose the correct answer,There were about twenty people .............. ........... total at the meeting. Bancient D suitable Bat D with,2,,,ANSWER_KEY_NOT_MATCHED
38. Destination B1.choose-correct-answer.json,226,Choose the correct answer,We've got to save the rainforests .......................... being destroyed. C global Bto,3,,,ANSWER_KEY_NOT_MATCHED
38. Destination B1.choose-correct-answer.json,228,Choose the correct answer,Neither Alec .......................... Rob came to school today. Bwas made to D has made Band D either,2,,,ANSWER_KEY_NOT_MATCHED
38. Destination B1.choose-correct-answer.json,228,Choose the correct answer,".......................... Mum had a cold, she still went to 40 You can't make a snowman .......................... work. BIn spite D Although Bwhile D after",2,40,,ANSWER_KEY_NOT_MATCHED
38. Destination B1.choose-correct-answer.json,228,Choose the correct answer,I'll do my homework as soon asI ...................... ... home.,3,,,ANSWER_KEY_NOT_MATCHED
38. Destination B2.choose-correct-answer.json,46,E Choose the correct answer,"c,1�� A from B in",4,1,D,SUSPICIOUS_QUESTION_TEXT
38. Destination B2.choose-correct-answer.json,46,E Choose the correct answer,"The issue .......... question is more complex than you think. i,,t;((l·i-..",4,,,ANSWER_KEY_NOT_MATCHED
38. Destination B2.choose-correct-answer.json,46,E Choose the correct answer,"10 r:r�� ,�-",4,10,,SUSPICIOUS_QUESTION_TEXT|ANSWER_KEY_NOT_MATCHED
38. Destination B2.choose-correct-answer.json,49,E Choose the correct answer,They were........... out free tickets to the concert to everyone in the shopping centre.,4,,,ANSWER_KEY_NOT_MATCHED
38. Destination B2.choose-correct-answer.json,49,E Choose the correct answer,D bringing 37 Why did you have to bring that subject ........... at dinner? B holding,4,37,,ANSWER_KEY_NOT_MATCHED
38. Destination B2.choose-correct-answer.json,57,A Choose the correct answer,it's like to be famous. C pleased D excited,4,,,ANSWER_KEY_NOT_MATCHED
38. Destination B2.choose-correct-answer.json,57,A Choose the correct answer,problem. Police were called in when the ........... of people began to get violent.,4,,,ANSWER_KEY_NOT_MATCHED
38. Destination B2.choose-correct-answer.json,58,F Choose the correct answer,independent ...........the government. Most people seem to agree ............ the newspapers' criticism of the government.,4,,,ANSWER_KEY_NOT_MATCHED
38. Destination B2.choose-correct-answer.json,58,F Choose the correct answer,B with Do you think they should ban people . ........ smoking in public places?,4,,,ANSWER_KEY_NOT_MATCHED
38. Destination B2.choose-correct-answer.json,61,Choose the correct answer,"D If I .......... the lottery, I'd give some of the money to each member of my family.",4,,,ANSWER_KEY_NOT_MATCHED
38. Destination B2.choose-correct-answer.json,61,Choose the correct answer,"Francis?' 'If you had been there, you ............ the same.'",4,,,ANSWER_KEY_NOT_MATCHED
38. Destination B2.choose-correct-answer.json,61,Choose the correct answer,"If you see Nina on Friday, .......... her to give me a ring.",4,,,ANSWER_KEY_NOT_MATCHED
38. Destination B2.choose-correct-answer.json,61,Choose the correct answer,"If I'd known you were coming, I . ........ a cake.",4,,,ANSWER_KEY_NOT_MATCHED
38. Destination B2.choose-correct-answer.json,61,Choose the correct answer,Remind Tony about the party ............ he's forgotten.,4,,,ANSWER_KEY_NOT_MATCHED
38. Destination B2.choose-correct-answer.json,61,Choose the correct answer,'Did you have a message for Dan?' 'Tell him I'll call him on Friday if you . .........him.',4,,,ANSWER_KEY_NOT_MATCHED
38. Destination B2.choose-correct-answer.json,61,E Choose the correct answer,Ivan tells me he really .......... himself at your barbecue last week.,4,,,ANSWER_KEY_NOT_MATCHED
38. Destination B2.choose-correct-answer.json,61,E Choose the correct answer,congregation,2,,,OPTION_COUNT_LOWER_THAN_PAGE_SECTION|ANSWER_KEY_NOT_MATCHED
38. Destination B2.choose-correct-answer.json,67,I Choose the correct answer,My mum was ...........angry that I knew I'd better disappear for a while. 1 6,4,1,,ANSWER_KEY_NOT_MATCHED
38. Destination B2.choose-correct-answer.json,67,I Choose the correct answer,Emma and Karen used to be ............ good friends that I'm surprised they don't get on now.,4,,,ANSWER_KEY_NOT_MATCHED
38. Destination B2.choose-correct-answer.json,73,Choose the correct answer,began to get slightly nervous. A enough dark 28 32,4,28,,ANSWER_KEY_NOT_MATCHED
38. Destination B2.choose-correct-answer.json,73,E Choose the correct answer,"He said it was an accident, but I know he did it on ............ . 39 35",4,39,,ANSWER_KEY_NOT_MATCHED
38. Destination B2.choose-correct-answer.json,82,E Choose the correct answer,Let me........... you a nice warm bath and you'll feel a lot better.,4,,,ANSWER_KEY_NOT_MATCHED
38. Destination B2.choose-correct-answer.json,82,E Choose the correct answer,"When the snake bit Mike in the forest, he knew he was .......... serious danger.",4,,,ANSWER_KEY_NOT_MATCHED
38. Destination B2.choose-correct-answer.json,82,E Choose the correct answer,Being .......... an injection wasn't as painful as I thought it was going to be.,4,,,ANSWER_KEY_NOT_MATCHED
38. Destination B2.choose-correct-answer.json,82,E Choose the correct answer,"Hello? Yes, I'd like to ........... an appointment for tomorrow with Dr Fletcher, please.",4,,,ANSWER_KEY_NOT_MATCHED
38. Destination B2.choose-correct-answer.json,82,E Choose the correct answer,"My grandfather's over 95 and is ........... pretty poor health these days. I was told to ........... the medicine three times a day, before meals. 6 I like to .......... fit by going to the gym at least twice a week. 7",4,6,,ANSWER_KEY_NOT_MATCHED
38. Destination B2.choose-correct-answer.json,82,E Choose the correct answer,Eat your vegetables.They'll ............ you good.,4,,,ANSWER_KEY_NOT_MATCHED
38. Destination B2.choose-correct-answer.json,82,E Choose the correct answer,The keyto losing weight is to ........... more exercise. You should try to .......... an alternative to all those sugary snacks you eat. 10,4,10,,ANSWER_KEY_NOT_MATCHED
38. Destination B2.choose-correct-answer.json,82,E Choose the correct answer,I'm going to make a real effort to get ........... shape for the summer.,4,,,ANSWER_KEY_NOT_MATCHED
38. Destination B2.choose-correct-answer.json,82,E Choose the correct answer,Try spreading something low fat ........... your bread instead of butter.,4,,,ANSWER_KEY_NOT_MATCHED
38. Destination B2.choose-correct-answer.json,85,D Choose the correct answer,I...........have joined a gym but in the end I decided to exercise at home.,4,,,ANSWER_KEY_NOT_MATCHED
38. Destination B2.choose-correct-answer.json,85,D Choose the correct answer,'I've been feeling under the weather recently.' 'You .......... more exercise.',4,,,ANSWER_KEY_NOT_MATCHED
38. Destination B2.choose-correct-answer.json,85,D Choose the correct answer,"you up.' You .......... have huge muscles to look good, you know!",4,,,ANSWER_KEY_NOT_MATCHED
38. Destination B2.choose-correct-answer.json,85,D Choose the correct answer,T hat .......... be Ted at the door. He's in bed with chicken pox.,4,,,ANSWER_KEY_NOT_MATCHED
38. Destination B2.choose-correct-answer.json,85,D Choose the correct answer,You must .......... thrilled when the doctor said it wasn't serious.,4,,,ANSWER_KEY_NOT_MATCHED
38. Destination B2.choose-correct-answer.json,85,D Choose the correct answer,B must C have to 28 32,4,28,,ANSWER_KEY_NOT_MATCHED
38. Destination B2.choose-correct-answer.json,85,D Choose the correct answer,.......... write with your left hand when you broke your arm?,4,,,ANSWER_KEY_NOT_MATCHED
38. Destination B2.choose-correct-answer.json,85,E Choose the correct answer,"Diana looks terribly ............You don't think she's ill, do you? 35 39",4,35,,ANSWER_KEY_NOT_MATCHED
38. Destination B2.choose-correct-answer.json,85,E Choose the correct answer,My feet are ............I guess my new shoes are a bit tight. A put down C feel up to,4,,,ANSWER_KEY_NOT_MATCHED
38. Destination B2.choose-correct-answer.json,85,E Choose the correct answer,"fantastic! I was shocked when I crashed the car, but at least I wasn't ............ .",4,,,ANSWER_KEY_NOT_MATCHED
38. Destination B2.choose-correct-answer.json,86,B Choose the correct answer,"Grace thinks she's very ..........., but I don't think many people like her, really. 16 19",4,16,,ANSWER_KEY_NOT_MATCHED
38. Destination B2.choose-correct-answer.json,86,B Choose the correct answer,"If our flight is delayed, will we ............ our connection in Los Angeles? 18 21",4,18,,ANSWER_KEY_NOT_MATCHED
38. Destination B2.choose-correct-answer.json,87,Choose the correct answer,I think the discussion has gone on ........... and we should make a decision.,4,,,ANSWER_KEY_NOT_MATCHED
38. Destination B2.choose-correct-answer.json,87,Choose the correct answer,"'Did you call John?' 'No, because I .......... go out. I'll try him later today.' There ..........be a lot more open space around here before they built the new underground station. 43 If you hadn't lost the pieces, we ........... a game of chess. 44 91",4,43,,ANSWER_KEY_NOT_MATCHED
38. Destination B2.choose-correct-answer.json,94,F Choose the correct answer,We ......... a swimming pool put in this week.,4,,,ANSWER_KEY_NOT_MATCHED
38. Destination B2.choose-correct-answer.json,94,F Choose the correct answer,D deliver 2 7 You should .......... a professional to check your house for earthquake damage.,4,2,,ANSWER_KEY_NOT_MATCHED
38. Destination B2.choose-correct-answer.json,94,F Choose the correct answer,Kelly wanted to have a live band ............ at her wedding.,4,,,ANSWER_KEY_NOT_MATCHED
38. Destination B2.choose-correct-answer.json,94,F Choose the correct answer,Can we .......... this summer?,4,,,ANSWER_KEY_NOT_MATCHED
38. Destination B2.choose-correct-answer.json,94,F Choose the correct answer,We .......... while we were on holiday.,4,,,ANSWER_KEY_NOT_MATCHED
38. Destination B2.choose-correct-answer.json,94,F Choose the correct answer,D be looking My teeth were a little yellow so I ............ by the dentist.,4,,,ANSWER_KEY_NOT_MATCHED
38. Destination B2.choose-correct-answer.json,94,F Choose the correct answer,shaved to his head My sister.......... her ear pierced last weekend.,4,,,ANSWER_KEY_NOT_MATCHED
38. Destination B2.choose-correct-answer.json,101,E Choose the correct answer,"the freezer, I think. I'll ........... the washing-up tonight! 35 39 A make C do",4,35,,ANSWER_KEY_NOT_MATCHED
38. Destination B2.choose-correct-answer.json,110,E Choose the correct answer,"If you need to ........... the teacher's attention,just put your hand up. Make sure you ........... your homework before you go out. 2",4,2,,ANSWER_KEY_NOT_MATCHED
38. Destination B2.choose-correct-answer.json,110,E Choose the correct answer,Could 1 ......... a suggestion? Why not have piano lessons? I really don't ........... the point of taking the exam when you're not ready for it. 4,4,4,,ANSWER_KEY_NOT_MATCHED
38. Destination B2.choose-correct-answer.json,110,E Choose the correct answer,I'll meet you at the school gates during the lunch ............ .,4,,,ANSWER_KEY_NOT_MATCHED
38. Destination B2.choose-correct-answer.json,110,E Choose the correct answer,"Do you think you could pass that book ........... to me, please?",4,,,ANSWER_KEY_NOT_MATCHED
38. Destination B2.choose-correct-answer.json,110,E Choose the correct answer,Mrs Dawson said that we are .......... our lesson in the library next Monday.,4,,,ANSWER_KEY_NOT_MATCHED
38. Destination B2.choose-correct-answer.json,110,E Choose the correct answer,"If the examiner can't ........... sense of your writing, you'll get a low mark. I hadn't studied, so when the teacher asked me I had ........... idea. 14 114",4,14,,ANSWER_KEY_NOT_MATCHED
38. Destination B2.choose-correct-answer.json,113,Choose the correct answer,D from watching A watch B to watch,4,,,ANSWER_KEY_NOT_MATCHED
38. Destination B2.choose-correct-answer.json,113,E Choose the correct answer,because he hadn't ............ . A pupil B student,4,,,ANSWER_KEY_NOT_MATCHED
38. Destination B2.choose-correct-answer.json,113,E Choose the correct answer,C set out D give in 39 Who .......... you how to cook so well?,4,39,,ANSWER_KEY_NOT_MATCHED
38. Destination B2.choose-correct-answer.json,113,E Choose the correct answer,"Oh, no! We've got a double maths ............ next!",4,,,ANSWER_KEY_NOT_MATCHED
38. Destination B2.choose-correct-answer.json,116,A Choose the correct answer,"D are theyDid Dorothy ......... you about the meeting on Friday? . ......... pass me the salt, please? 8",4,8,,ANSWER_KEY_NOT_MATCHED
38. Destination B2.choose-correct-answer.json,125,D Choose the correct answer,"No one seems to care about the environment, ...........?",4,,,ANSWER_KEY_NOT_MATCHED
38. Destination B2.choose-correct-answer.json,125,D Choose the correct answer,"about insects? There isn't much point in trying to save electricity, .......... ?",4,,,ANSWER_KEY_NOT_MATCHED
38. Destination B2.choose-correct-answer.json,125,D Choose the correct answer,"Don't drop your sweet wrapper on the floor, .......... ?",4,,,ANSWER_KEY_NOT_MATCHED
38. Destination B2.choose-correct-answer.json,125,D Choose the correct answer,"'I went to the exhibition at the natural history museum.' 'Oh, yes? What .......... there?'",4,,,ANSWER_KEY_NOT_MATCHED
38. Destination B2.choose-correct-answer.json,125,D Choose the correct answer,32 29 33,4,32,,ANSWER_KEY_NOT_MATCHED
38. Destination B2.choose-correct-answer.json,125,D Choose the correct answer,"D leave Let's walk to the shops instead of taking the car, .......... ?",4,,,ANSWER_KEY_NOT_MATCHED
38. Destination B2.choose-correct-answer.json,125,E Choose the correct answer,B business C working D employerDo you know what CFC ............ ? 36,4,36,,ANSWER_KEY_NOT_MATCHED
38. Destination B2.choose-correct-answer.json,125,E Choose the correct answer,"As towns grow, they tend to destroy the surrounding ........... areas.",4,,,ANSWER_KEY_NOT_MATCHED
38. Destination B2.choose-correct-answer.json,125,E Choose the correct answer,Dinosaurs have been ........... for millions of years.,4,,,ANSWER_KEY_NOT_MATCHED
38. Destination B2.choose-correct-answer.json,137,D Choose the correct answer,D to me to give Bill asked me why........... to go shopping with me.,4,,,ANSWER_KEY_NOT_MATCHED
38. Destination B2.choose-correct-answer.json,137,D Choose the correct answer,Ellie asked Stan ........... to look at the new catalogue.,4,,,ANSWER_KEY_NOT_MATCHED
38. Destination B2.choose-correct-answer.json,137,D Choose the correct answer,Stephen .......... me he'd bought that suit in a sale.,4,,,ANSWER_KEY_NOT_MATCHED
38. Destination B2.choose-correct-answer.json,137,D Choose the correct answer,"challenged him?' 'He said he ........... pay for the things in his bag, but I didn't believe him!'",4,,,ANSWER_KEY_NOT_MATCHED
38. Destination B2.choose-correct-answer.json,137,D Choose the correct answer,"When I last saw Carrie, she told me she .......... of buying a house, but now she's changed her mind.",4,,,ANSWER_KEY_NOT_MATCHED
38. Destination B2.choose-correct-answer.json,137,E Choose the correct answer,I didn't find a new top but at .......... I got some new jeans. A name mark:,4,,,ANSWER_KEY_NOT_MATCHED
38. Destination C1-C2.choose-correct-answer.json,22,E Choose the correct answer,"time ......................... . 40 Looking at your CV, I........................you used to live in Australia.",4,40,,ANSWER_KEY_NOT_MATCHED
38. Destination C1-C2.choose-correct-answer.json,22,E Choose the correct answer,"Is it really the first time........................ first class? 41 I ....................... it's going to snow tonight, don't you? C reckon D ponder",4,41,,ANSWER_KEY_NOT_MATCHED
38. Destination C1-C2.choose-correct-answer.json,38,E Choose the correct answer,"computer, because you might get a virus. A back B copy",4,,,ANSWER_KEY_NOT_MATCHED
38. Destination C1-C2.choose-correct-answer.json,38,E Choose the correct answer,"C store D save 36 Just as you arrived, I .................... ready to go out. 40 The Minister was accused of ..................... the truth.",4,40,,ANSWER_KEY_NOT_MATCHED
38. Destination C1-C2.choose-correct-answer.json,38,E Choose the correct answer,"on the way we work. 41 That new painting looks a bit out of .......... ..... ........ in our living room, don't you think?",4,41,,ANSWER_KEY_NOT_MATCHED
38. Destination C1-C2.choose-correct-answer.json,54,E Choose the correct answer,"At the end of the month, Sarah ................... in government for exactly 40 years. 39 Toby's extremely ................... ; he turns up every day at nine o'clock on the dot.",4,39,,ANSWER_KEY_NOT_MATCHED
38. Destination C1-C2.choose-correct-answer.json,54,E Choose the correct answer,We'd just been informed that Nick ...... ..... ............ the new Managing Director. 40 Have you considere. d applying for a job with the 36 . .................. service.7,4,40,,ANSWER_KEY_NOT_MATCHED
38. Destination C1-C2.choose-correct-answer.json,54,E Choose the correct answer,"41 Too many people work in the public .................... in this country, in my opinion.",4,41,,ANSWER_KEY_NOT_MATCHED
38. Destination C1-C2.choose-correct-answer.json,54,E Choose the correct answer,out of it. A wouldn't B can't,4,,,ANSWER_KEY_NOT_MATCHED
38. Destination C1-C2.choose-correct-answer.json,70,E Choose the correct answer,arm if it's hurting you? 39 The company is expected........................ a healthy profit this year.,4,39,,ANSWER_KEY_NOT_MATCHED
38. Destination C1-C2.choose-correct-answer.json,70,E Choose the correct answer,...................... fare to Berlin is? 40 Maria was just walking along the road when someone on a motorbike .................... her handbag.,4,40,,ANSWER_KEY_NOT_MATCHED
38. Destination C1-C2.choose-correct-answer.json,70,E Choose the correct answer,C the report finished D have the report finished,4,,,ANSWER_KEY_NOT_MATCHED
38. Destination C1-C2.choose-correct-answer.json,70,E Choose the correct answer,over her eyes. 42 The new Arts Centre seems to have been ...................... construction for quite some time.,4,42,,ANSWER_KEY_NOT_MATCHED
38. Destination C1-C2.choose-correct-answer.json,86,E Choose the correct answer,released yesterday. 39 .......................stand up when the teacher entered the room at your school?,4,39,,ANSWER_KEY_NOT_MATCHED
38. Destination C1-C2.choose-correct-answer.json,86,E Choose the correct answer,B can go C can have gone D could have gone,4,,,ANSWER_KEY_NOT_MATCHED
38. Destination C1-C2.choose-correct-answer.json,86,E Choose the correct answer,B may C would D will,4,,,ANSWER_KEY_NOT_MATCHED
38. Destination C1-C2.choose-correct-answer.json,86,E Choose the correct answer,C needed not to get D hadn't to get (1 mark per answer),4,1,,ANSWER_KEY_NOT_MATCHED
38. Destination C1-C2.choose-correct-answer.json,91,H Choose the correct answer,"If you saw another student cheating in an exam, . .................. somebody? C haven't been D wouldn't be",4,,,ANSWER_KEY_NOT_MATCHED
38. Destination C1-C2.choose-correct-answer.json,91,H Choose the correct answer,might not have missed the coach? C provided D supposing,4,,,ANSWER_KEY_NOT_MATCHED
38. Destination C1-C2.choose-correct-answer.json,91,H Choose the correct answer,"Were ................... my dad, I would never have started playing tennis in the first place. 8 Unless Ray .................. here soon, I'm going to leave because I'm getting bored.",4,8,,ANSWER_KEY_NOT_MATCHED
38. Destination C1-C2.choose-correct-answer.json,91,H Choose the correct answer,were asking after him. 9 What if I ................... you that there's a good chance I can get tickets for the concert?,4,9,,ANSWER_KEY_NOT_MATCHED
38. Destination C1-C2.choose-correct-answer.json,102,E Choose the correct answer,"number of problems for the company. 39 We're saving for our holiday, so we're ......................... back on luxuries this month.",4,39,,ANSWER_KEY_NOT_MATCHED
38. Destination C1-C2.choose-correct-answer.json,102,E Choose the correct answer,"missed the plane. 40 It would have been a great journey, ......................... we not got lost along the way.",4,40,,ANSWER_KEY_NOT_MATCHED
38. Destination C1-C2.choose-correct-answer.json,102,E Choose the correct answer,I drew the short .................. so I had to do it. A straw B stick,4,,,ANSWER_KEY_NOT_MATCHED
38. Destination C1-C2.choose-correct-answer.json,102,E Choose the correct answer,Ian Mills won the election .................... all the odds. 42 Scientists are predicting that the volcano might erupt so people have been .................... from the area.,4,42,,ANSWER_KEY_NOT_MATCHED
38. Destination C1-C2.choose-correct-answer.json,122,E Choose the correct answer,responsibilities as a parent. 39 Joan definitely wishes she ........................ to do all the housework.,4,39,,ANSWER_KEY_NOT_MATCHED
38. Destination C1-C2.choose-correct-answer.json,122,E Choose the correct answer,"but I suppose it's too late to change things now. 40 . ..................... any heavier, we'd never have made it on time.",4,40,,ANSWER_KEY_NOT_MATCHED
38. Destination C1-C2.choose-correct-answer.json,122,E Choose the correct answer,C Should the traffic be D Be the traffic 37 Do you wish ....................... a formal complaint? 41 I'd never kill an animal unless it ........................ me first.,4,41,,ANSWER_KEY_NOT_MATCHED
38. Destination C1-C2.choose-correct-answer.json,122,E Choose the correct answer,"granted nowadays. 42 Imagine the Internet ....................... created. Our lives would be so different, don't you think?",4,42,,ANSWER_KEY_NOT_MATCHED
38. Destination C1-C2.choose-correct-answer.json,122,E Choose the correct answer,(I mark per answer) Total mark: ......... /50,4,50,,ANSWER_KEY_NOT_MATCHED
38. Destination C1-C2.choose-correct-answer.json,138,E Choose the correct answer,.......................area in the south of India. 35 It was .......................from the most comfortable flight I've ever been on.,4,35,,ANSWER_KEY_NOT_MATCHED
38. Destination C1-C2.choose-correct-answer.json,138,E Choose the correct answer,very cheap. 40 The couple were finally ........................ by the landlord after not paying rent for six months.,4,40,,ANSWER_KEY_NOT_MATCHED
38. Destination C1-C2.choose-correct-answer.json,138,E Choose the correct answer,last winter. 41 It was getting........................ dark so we decided to head for home.,4,41,,ANSWER_KEY_NOT_MATCHED
38. Destination C1-C2.choose-correct-answer.json,138,E Choose the correct answer,the exercises. 42 You'll have to ....................... your jacket quite hard to get the grass stain off it.,4,42,,ANSWER_KEY_NOT_MATCHED
38. Destination C1-C2.choose-correct-answer.json,138,E Choose the correct answer,(1 mark per answer) Total mark:.......... /50,4,1,,ANSWER_KEY_NOT_MATCHED
38. Destination C1-C2.choose-correct-answer.json,154,E Choose the correct answer,haven't got any spare money at the moment. C Much as D Try as,4,,,ANSWER_KEY_NOT_MATCHED
38. Destination C1-C2.choose-correct-answer.json,154,E Choose the correct answer,"a cafe? 36 ...................... they get the letter tomorrow, you still won't get a reply before the weekend.",4,36,,ANSWER_KEY_NOT_MATCHED
38. Destination C1-C2.choose-correct-answer.json,154,E Choose the correct answer,views are more left-wing than mine! C whose D for whom,4,,,ANSWER_KEY_NOT_MATCHED
38. Destination C1-C2.choose-correct-answer.json,154,E Choose the correct answer,"occasional calls for its withdrawal. 42 This government would destroy all our civil liberties, . ..................... half a chance.",4,42,,ANSWER_KEY_NOT_MATCHED
38. Destination C1-C2.choose-correct-answer.json,154,E Choose the correct answer,(1 mark per answer) Total mark:........ /50,4,1,,ANSWER_KEY_NOT_MATCHED
38. Destination C1-C2.choose-correct-answer.json,170,E Choose the correct answer,"the government's proposed scheme. 39 If the service isn't up to standard, I think you have . ................... right to complain.",4,39,,ANSWER_KEY_NOT_MATCHED
38. Destination C1-C2.choose-correct-answer.json,170,E Choose the correct answer,..................... do many other British towns. 40 Jim's a tough character and certainly won't let anyone push him ......................... .,4,40,,ANSWER_KEY_NOT_MATCHED
38. Destination C1-C2.choose-correct-answer.json,170,E Choose the correct answer,lets her boyfriend get away with it. A advocated B undermined,4,,,ANSWER_KEY_NOT_MATCHED
38. Destination C1-C2.choose-correct-answer.json,170,E Choose the correct answer,D crack A hit B force,4,,,ANSWER_KEY_NOT_MATCHED
38. Destination C1-C2.choose-correct-answer.json,186,E Choose the correct answer,dust and says it's filthy! 39 It's one of the worst books I've ever read. Its only redeeming......................is that it's quite short!,4,39,,ANSWER_KEY_NOT_MATCHED
38. Destination C1-C2.choose-correct-answer.json,186,E Choose the correct answer,"worth quite a lot of money. 38 Only....................... people have joined the website so far, but we're hoping membership will increase over the next couple of months.",4,38,,ANSWER_KEY_NOT_MATCHED
38. Destination C1-C2.choose-correct-answer.json,186,E Choose the correct answer,(1 mark per answer) Total mark: .......... /50,4,1,,ANSWER_KEY_NOT_MATCHED
38. Destination C1-C2.choose-correct-answer.json,202,E Choose the correct answer,"said earlier. 39 After the investigation, the accident was put down to human ......................... .",4,39,,ANSWER_KEY_NOT_MATCHED
38. Destination C1-C2.choose-correct-answer.json,202,E Choose the correct answer,parents and teenagers is getting wider? C to check D to checking,4,,,ANSWER_KEY_NOT_MATCHED
38. Destination C1-C2.choose-correct-answer.json,202,E Choose the correct answer,"a family is often the funniest. 41 Everyone started to ...................... around the old woman on the floor, but no one offered her any help.",4,41,,ANSWER_KEY_NOT_MATCHED
38. Destination C1-C2.choose-correct-answer.json,202,E Choose the correct answer,C to be D to being (1 mark per answer),4,1,,ANSWER_KEY_NOT_MATCHED
38. Destination C1-C2.choose-correct-answer.json,218,E Choose the correct answer,............................ in the evenings. 39 Was it always an .............................. of yours to play for France?,4,39,,ANSWER_KEY_NOT_MATCHED
38. Destination C1-C2.choose-correct-answer.json,218,E Choose the correct answer,C anticipation D aspiration 36 How dare you accuse me .................................... 40 Jon asked Todd if .............................. arrested!,4,40,,ANSWER_KEY_NOT_MATCHED
38. Destination C1-C2.choose-correct-answer.json,218,E Choose the correct answer,"the spice of life! 41 The play wasn't very good but it wasn't very bad either .............................. , I'd say.",4,41,,ANSWER_KEY_NOT_MATCHED
38. Destination C1-C2.choose-correct-answer.json,218,E Choose the correct answer,to answer D 12 times his answering,4,12,,ANSWER_KEY_NOT_MATCHED
38. Destination C1-C2.choose-correct-answer.json,221,E Choose the correct answer,they're too small for me now. 46 There's no way the police will be able to ............................. this law.,4,46,,ANSWER_KEY_NOT_MATCHED
38. Destination C1-C2.choose-correct-answer.json,221,E Choose the correct answer,D reign 42 Would you like to arrange to pay by direct 47 The union is seriously considering taking industrial .................................... . 7,4,7,,ANSWER_KEY_NOT_MATCHED
38. Destination C1-C2.choose-correct-answer.json,221,E Choose the correct answer,Has Britain's influence in the world ............................. since the Second World War?,4,,,ANSWER_KEY_NOT_MATCHED
38. Destination C1-C2.choose-correct-answer.json,221,E Choose the correct answer,force them down. A gloated B grinned,4,,,ANSWER_KEY_NOT_MATCHED
38. Destination C1-C2.choose-correct-answer.json,267,E Choose the correct answer,Aid agencies are still .................... the situation. 39 That's the last time .................... here.,4,39,,ANSWER_KEY_NOT_MATCHED
38. Destination C1-C2.choose-correct-answer.json,267,E Choose the correct answer,C I ever came D I'd ever come 36 We still .................... to the idea. 40 How many flats.................... at so far?,4,40,,ANSWER_KEY_NOT_MATCHED
38. Destination C1-C2.choose-correct-answer.json,267,E Choose the correct answer,................... quo. 41 Relations between the two islands have . .................. further recently.,4,41,,ANSWER_KEY_NOT_MATCHED
38. Destination C1-C2.choose-correct-answer.json,267,E Choose the correct answer,"isn't he? 42 When we landed, .................... on the plane for 18 hours!",4,42,,ANSWER_KEY_NOT_MATCHED
38. Destination C1-C2.choose-correct-answer.json,271,E Choose the correct answer,won't you? 39 There's so much technical ....................in this manual that I can't really understand it.,4,39,,ANSWER_KEY_NOT_MATCHED
38. Destination C1-C2.choose-correct-answer.json,271,E Choose the correct answer,"get it on video, I suppose. 40 That ................... the day we went to Margate because it was raining that day, not sunny.",4,40,,ANSWER_KEY_NOT_MATCHED
38. Destination C1-C2.choose-correct-answer.json,271,E Choose the correct answer,courage to enter the talent show. 41 Water is a very .................... resource in the desert.,4,41,,ANSWER_KEY_NOT_MATCHED
38. Destination C1-C2.choose-correct-answer.json,271,E Choose the correct answer,"D scarce 38 Had the electrician not come in time, we would ................... last night's party by candlelight. 42 Why do I always ................... the short straw?",4,42,,ANSWER_KEY_NOT_MATCHED
38. Destination C1-C2.choose-correct-answer.json,275,E Choose the correct answer,"..........and bear it, won't I? C Too D Very",4,,,ANSWER_KEY_NOT_MATCHED
38. Destination C1-C2.choose-correct-answer.json,275,E Choose the correct answer,my drawings? 42 I hope the government reduces the amount of . .......... tape required to start a new company.,4,42,,ANSWER_KEY_NOT_MATCHED
38. Destination C1-C2.choose-correct-answer.json,277,E Choose the correct answer,................... of birds passed overhead. 39 My relationship with Isaac is one of ... .................... respect.,4,39,,ANSWER_KEY_NOT_MATCHED
38. Destination C1-C2.choose-correct-answer.json,277,E Choose the correct answer,price didn't include delivery. 40 A sudden ................... of wind blew the letter out of my hand.,4,40,,ANSWER_KEY_NOT_MATCHED
38. Destination C1-C2.choose-correct-answer.json,277,E Choose the correct answer,B a year 7 at the school D the year 7 at the school 42 My old home was a sight for ................... eyes after I'd been away for so long.,4,7,,ANSWER_KEY_NOT_MATCHED
38. Destination C1-C2.choose-correct-answer.json,277,E Choose the correct answer,What kind of world do you want to leave behind for your ................... ?,4,,,ANSWER_KEY_NOT_MATCHED
